{
  "test/integration/pages/PurchaseList.js.map": 1694183965465,
  "test/testsuite.qunit.js": 1694183475812,
  "test/integration/pages/PurchaseList.js": 1694183475848,
  "test/integration/opaTests.qunit.js": 1694183475820,
  "test/integration/FirstJourney.js": 1694183475864,
  "test/integration/pages/PurchaseObjectPage.js": 1694183475848,
  "xs-app.json": 1694183944269,
  "manifest.json": 1694183944389,
  "Component.js": 1694183475784,
  "test/integration/pages/PurchaseList-dbg.js": 1694183475848,
  "i18n/i18n.properties": 1694183489344,
  "test/testsuite.qunit-dbg.js": 1694183475812,
  "test/testsuite.qunit.js.map": 1694183965493,
  "test/integration/opaTests.qunit-dbg.js": 1694183475820,
  "test/integration/opaTests.qunit.js.map": 1694183965488,
  "test/integration/FirstJourney-dbg.js": 1694183475864,
  "test/integration/FirstJourney.js.map": 1694183965502,
  "test/integration/pages/PurchaseObjectPage-dbg.js": 1694183475848,
  "test/integration/pages/PurchaseObjectPage.js.map": 1694183965467,
  "Component-dbg.js": 1694183475784,
  "Component.js.map": 1694183965468,
  "Component-preload.js": 1694183965596,
  "Component-preload.js.map": 1694183965596,
  "test/integration/opaTests.qunit.html": 1694183475820,
  "localService/metadata.xml": 1694183475804,
  "test/testsuite.qunit.html": 1694183475808,
  "test/flpSandbox.html": 1694183475808,
  "index.html": 1694183475784
}