<?xml version="1.0" encoding="utf-8"?>
<edmx:Edmx Version="4.0" xmlns:edmx="http://docs.oasis-open.org/odata/ns/edmx">
    <edmx:Reference Uri="https://sap.github.io/odata-vocabularies/vocabularies/Common.xml">
        <edmx:Include Alias="Common" Namespace="com.sap.vocabularies.Common.v1"/>
    </edmx:Reference>
    <edmx:Reference Uri="https://oasis-tcs.github.io/odata-vocabularies/vocabularies/Org.OData.Core.V1.xml">
        <edmx:Include Alias="Core" Namespace="Org.OData.Core.V1"/>
    </edmx:Reference>
    <edmx:DataServices>
        <Schema Namespace="loyaltySrv" xmlns="http://docs.oasis-open.org/odata/ns/edm">
            <EntityContainer Name="EntityContainer">
                <EntitySet Name="Customer" EntityType="loyaltySrv.Customer"/>
                <EntitySet Name="Purchase" EntityType="loyaltySrv.Purchase"/>
            </EntityContainer>
            <EntityType Name="Customer">
                <Key>
                    <PropertyRef Name="ID"/>
                </Key>
                <Property Name="ID" Type="Edm.Guid" Nullable="false"/>
                <Property Name="customerId" Type="Edm.String" MaxLength="50"/>
                <Property Name="firstName" Type="Edm.String" MaxLength="190"/>
                <Property Name="lastName" Type="Edm.String" MaxLength="190"/>
                <Property Name="email" Type="Edm.String" MaxLength="200"/>
                <Property Name="totalPoints" Type="Edm.Int32"/>
                <Property Name="totalPurchaseValue" Type="Edm.Int32"/>
                <Property Name="numberOfPurchases" Type="Edm.Int32"/>
                <Property Name="redeemedPoints" Type="Edm.Int32"/>
            </EntityType>
            <EntityType Name="Purchase">
                <Key>
                    <PropertyRef Name="ID"/>
                </Key>
                <Property Name="ID" Type="Edm.Guid" Nullable="false"/>
                <Property Name="purchaseId" Type="Edm.String" MaxLength="50"/>
                <Property Name="customerId" Type="Edm.String" MaxLength="50"/>
                <Property Name="purchaseValue" Type="Edm.Int32"/>
                <Property Name="pointsEarned" Type="Edm.Int32"/>
                <Property Name="redeemedPoints" Type="Edm.Int32"/>
            </EntityType>
        </Schema>
    </edmx:DataServices>
</edmx:Edmx>