{
  "test/testsuite.qunit.html": 1694181771201,
  "Component.js": 1694181771201,
  "test/integration/pages/CustomerList.js": 1694181771201,
  "test/integration/opaTests.qunit.js": 1694181771201,
  "test/integration/FirstJourney.js": 1694181771201,
  "test/testsuite.qunit.js": 1694181771201,
  "xs-app.json": 1694183944269,
  "manifest.json": 1694183944389,
  "test/integration/pages/CustomerObjectPage.js": 1694181771201,
  "test/integration/FirstJourney-dbg.js": 1694181771201,
  "test/integration/FirstJourney.js.map": 1694183956246,
  "test/integration/pages/CustomerList-dbg.js": 1694181771201,
  "test/integration/pages/CustomerList.js.map": 1694183956246,
  "test/integration/opaTests.qunit-dbg.js": 1694181771201,
  "test/integration/opaTests.qunit.js.map": 1694183956244,
  "Component-dbg.js": 1694181771201,
  "Component.js.map": 1694183956258,
  "test/testsuite.qunit-dbg.js": 1694181771201,
  "test/testsuite.qunit.js.map": 1694183956248,
  "test/integration/pages/CustomerObjectPage-dbg.js": 1694181771201,
  "test/integration/pages/CustomerObjectPage.js.map": 1694183956248,
  "Component-preload.js": 1694183956339,
  "Component-preload.js.map": 1694183956339,
  "test/integration/opaTests.qunit.html": 1694181771201,
  "localService/metadata.xml": 1694181771201,
  "i18n/i18n.properties": 1694181771201,
  "test/flpSandbox.html": 1694181771201,
  "index.html": 1694181771201
}