{
  "manifest.json": 1693393700464,
  "test/integration/FirstJourney.js": 1693393461914,
  "test/integration/pages/CustomerList.js": 1693393461854,
  "test/integration/opaTests.qunit.js": 1693393461670,
  "test/integration/pages/CustomerObjectPage.js": 1693393461854,
  "test/testsuite.qunit.js": 1693393461602,
  "xs-app.json": 1693393700176,
  "i18n/i18n.properties": 1693393474718,
  "Component.js": 1693393461482,
  "test/testsuite.qunit-dbg.js": 1693393461602,
  "test/testsuite.qunit.js.map": 1693393714036,
  "test/integration/pages/CustomerList-dbg.js": 1693393461854,
  "test/integration/pages/CustomerList.js.map": 1693393713993,
  "test/integration/opaTests.qunit-dbg.js": 1693393461670,
  "test/integration/opaTests.qunit.js.map": 1693393714000,
  "test/integration/pages/CustomerObjectPage-dbg.js": 1693393461854,
  "test/integration/pages/CustomerObjectPage.js.map": 1693393713987,
  "test/integration/FirstJourney-dbg.js": 1693393461914,
  "test/integration/FirstJourney.js.map": 1693393713993,
  "Component-dbg.js": 1693393461482,
  "Component.js.map": 1693393713994,
  "Component-preload.js": 1693393714124,
  "Component-preload.js.map": 1693393714124,
  "test/integration/opaTests.qunit.html": 1693393461654,
  "test/testsuite.qunit.html": 1693393461550,
  "test/flpSandbox.html": 1693393461550,
  "localService/metadata.xml": 1693393461538,
  "index.html": 1693393461486
}