{
  "test/integration/opaTests.qunit.js.map": 1693393717766,
  "xs-app.json": 1693393700176,
  "test/integration/pages/PurchaseList.js": 1693393535510,
  "test/integration/opaTests.qunit.js": 1693393535474,
  "test/integration/FirstJourney.js": 1693393535546,
  "test/testsuite.qunit.js": 1693393535382,
  "test/integration/pages/PurchaseObjectPage.js": 1693393535510,
  "manifest.json": 1693393700464,
  "Component.js": 1693393535114,
  "test/integration/pages/PurchaseList-dbg.js": 1693393535510,
  "test/integration/pages/PurchaseList.js.map": 1693393717710,
  "test/integration/opaTests.qunit-dbg.js": 1693393535474,
  "i18n/i18n.properties": 1693393548153,
  "test/integration/FirstJourney-dbg.js": 1693393535546,
  "test/integration/FirstJourney.js.map": 1693393717747,
  "test/testsuite.qunit-dbg.js": 1693393535382,
  "test/testsuite.qunit.js.map": 1693393717743,
  "test/integration/pages/PurchaseObjectPage-dbg.js": 1693393535510,
  "test/integration/pages/PurchaseObjectPage.js.map": 1693393717723,
  "Component-dbg.js": 1693393535114,
  "Component.js.map": 1693393717743,
  "Component-preload.js": 1693393717875,
  "Component-preload.js.map": 1693393717876,
  "test/integration/opaTests.qunit.html": 1693393535474,
  "test/testsuite.qunit.html": 1693393535370,
  "test/flpSandbox.html": 1693393535370,
  "localService/metadata.xml": 1693393535142,
  "index.html": 1693393535114
}