{
  "Component-preload.js.map": 1694183959807,
  "test/integration/FirstJourney.js": 1694181771201,
  "test/integration/pages/PurchaseList.js": 1694181771201,
  "test/integration/opaTests.qunit.js": 1694181771201,
  "test/integration/pages/PurchaseObjectPage.js": 1694181771201,
  "test/testsuite.qunit.js": 1694181771201,
  "xs-app.json": 1694183944269,
  "manifest.json": 1694183944389,
  "Component.js": 1694181771201,
  "test/integration/opaTests.qunit-dbg.js": 1694181771201,
  "test/integration/opaTests.qunit.js.map": 1694183959673,
  "test/integration/pages/PurchaseList-dbg.js": 1694181771201,
  "test/integration/pages/PurchaseList.js.map": 1694183959647,
  "test/integration/FirstJourney-dbg.js": 1694181771201,
  "test/integration/FirstJourney.js.map": 1694183959672,
  "test/integration/pages/PurchaseObjectPage-dbg.js": 1694181771201,
  "test/integration/pages/PurchaseObjectPage.js.map": 1694183959665,
  "test/testsuite.qunit-dbg.js": 1694181771201,
  "test/testsuite.qunit.js.map": 1694183959654,
  "Component-dbg.js": 1694181771201,
  "Component.js.map": 1694183959662,
  "Component-preload.js": 1694183959807,
  "i18n/i18n.properties": 1694181771201,
  "test/integration/opaTests.qunit.html": 1694181771201,
  "test/testsuite.qunit.html": 1694181771201,
  "test/flpSandbox.html": 1694181771201,
  "localService/metadata.xml": 1694181771201,
  "index.html": 1694181771201
}