{
  "test/integration/opaTests.qunit-dbg.js": 1694183300800,
  "xs-app.json": 1694183944269,
  "test/integration/pages/CustomerList.js": 1694183300836,
  "test/integration/opaTests.qunit.js": 1694183300800,
  "test/integration/FirstJourney.js": 1694183300844,
  "test/testsuite.qunit.js": 1694183300784,
  "test/integration/pages/CustomerObjectPage.js": 1694183300836,
  "manifest.json": 1694183944389,
  "Component.js": 1694183300764,
  "test/integration/FirstJourney-dbg.js": 1694183300844,
  "test/integration/FirstJourney.js.map": 1694183962364,
  "i18n/i18n.properties": 1694183309784,
  "test/integration/opaTests.qunit.js.map": 1694183962333,
  "test/integration/pages/CustomerList-dbg.js": 1694183300836,
  "test/integration/pages/CustomerList.js.map": 1694183962346,
  "test/testsuite.qunit-dbg.js": 1694183300784,
  "test/testsuite.qunit.js.map": 1694183962352,
  "test/integration/pages/CustomerObjectPage-dbg.js": 1694183300836,
  "test/integration/pages/CustomerObjectPage.js.map": 1694183962337,
  "Component-dbg.js": 1694183300764,
  "Component.js.map": 1694183962340,
  "Component-preload.js": 1694183962473,
  "Component-preload.js.map": 1694183962473,
  "test/integration/opaTests.qunit.html": 1694183300796,
  "test/testsuite.qunit.html": 1694183300784,
  "test/flpSandbox.html": 1694183300784,
  "localService/metadata.xml": 1694183300784,
  "index.html": 1694183300764
}