<?xml version="1.0" encoding="utf-8"?>
<edmx:Edmx Version="4.0" xmlns:edmx="http://docs.oasis-open.org/odata/ns/edmx">
    <edmx:Reference Uri="https://sap.github.io/odata-vocabularies/vocabularies/Common.xml">
        <edmx:Include Alias="Common" Namespace="com.sap.vocabularies.Common.v1"/>
    </edmx:Reference>
    <edmx:Reference Uri="https://oasis-tcs.github.io/odata-vocabularies/vocabularies/Org.OData.Core.V1.xml">
        <edmx:Include Alias="Core" Namespace="Org.OData.Core.V1"/>
    </edmx:Reference>
    <edmx:Reference Uri="https://sap.github.io/odata-vocabularies/vocabularies/UI.xml">
        <edmx:Include Alias="UI" Namespace="com.sap.vocabularies.UI.v1"/>
    </edmx:Reference>
    <edmx:DataServices>
        <Schema Namespace="CustomersLoyaltyService" xmlns="http://docs.oasis-open.org/odata/ns/edm">
            <EntityContainer Name="EntityContainer">
                <EntitySet Name="Customer" EntityType="CustomersLoyaltyService.Customer">
                    <NavigationPropertyBinding Path="SiblingEntity" Target="Customer"/>
                </EntitySet>
                <EntitySet Name="Purchase" EntityType="CustomersLoyaltyService.Purchase">
                    <NavigationPropertyBinding Path="SiblingEntity" Target="Purchase"/>
                </EntitySet>
            </EntityContainer>
            <EntityType Name="Customer">
                <Key>
                    <PropertyRef Name="ID"/>
                    <PropertyRef Name="IsActiveEntity"/>
                </Key>
                <Property Name="ID" Type="Edm.Guid" Nullable="false"/>
                <Property Name="customerId" Type="Edm.String" MaxLength="50"/>
                <Property Name="firstName" Type="Edm.String" MaxLength="190"/>
                <Property Name="lastName" Type="Edm.String" MaxLength="190"/>
                <Property Name="email" Type="Edm.String" MaxLength="200"/>
                <Property Name="totalPoints" Type="Edm.Int32"/>
                <Property Name="totalPurchaseValue" Type="Edm.Int32"/>
                <Property Name="numberOfPurchases" Type="Edm.Int32"/>
                <Property Name="redeemedPoints" Type="Edm.Int32"/>
                <Property Name="IsActiveEntity" Type="Edm.Boolean" Nullable="false" DefaultValue="true"/>
                <Property Name="HasActiveEntity" Type="Edm.Boolean" Nullable="false" DefaultValue="false"/>
                <Property Name="HasDraftEntity" Type="Edm.Boolean" Nullable="false" DefaultValue="false"/>
                <NavigationProperty Name="DraftAdministrativeData" Type="CustomersLoyaltyService.DraftAdministrativeData" ContainsTarget="true"/>
                <NavigationProperty Name="SiblingEntity" Type="CustomersLoyaltyService.Customer"/>
            </EntityType>
            <EntityType Name="Purchase">
                <Key>
                    <PropertyRef Name="ID"/>
                    <PropertyRef Name="IsActiveEntity"/>
                </Key>
                <Property Name="ID" Type="Edm.Guid" Nullable="false"/>
                <Property Name="purchaseId" Type="Edm.String" MaxLength="50"/>
                <Property Name="customerId" Type="Edm.String" MaxLength="50"/>
                <Property Name="purchaseValue" Type="Edm.Int32"/>
                <Property Name="pointsEarned" Type="Edm.Int32"/>
                <Property Name="redeemedPoints" Type="Edm.Int32"/>
                <Property Name="IsActiveEntity" Type="Edm.Boolean" Nullable="false" DefaultValue="true"/>
                <Property Name="HasActiveEntity" Type="Edm.Boolean" Nullable="false" DefaultValue="false"/>
                <Property Name="HasDraftEntity" Type="Edm.Boolean" Nullable="false" DefaultValue="false"/>
                <NavigationProperty Name="DraftAdministrativeData" Type="CustomersLoyaltyService.DraftAdministrativeData" ContainsTarget="true"/>
                <NavigationProperty Name="SiblingEntity" Type="CustomersLoyaltyService.Purchase"/>
            </EntityType>
            <EntityType Name="DraftAdministrativeData">
                <Key>
                    <PropertyRef Name="DraftUUID"/>
                </Key>
                <Property Name="DraftUUID" Type="Edm.Guid" Nullable="false"/>
                <Property Name="CreationDateTime" Type="Edm.DateTimeOffset" Precision="7"/>
                <Property Name="CreatedByUser" Type="Edm.String" MaxLength="256"/>
                <Property Name="DraftIsCreatedByMe" Type="Edm.Boolean"/>
                <Property Name="LastChangeDateTime" Type="Edm.DateTimeOffset" Precision="7"/>
                <Property Name="LastChangedByUser" Type="Edm.String" MaxLength="256"/>
                <Property Name="InProcessByUser" Type="Edm.String" MaxLength="256"/>
                <Property Name="DraftIsProcessedByMe" Type="Edm.Boolean"/>
            </EntityType>
            <Action Name="draftPrepare" IsBound="true" EntitySetPath="in">
                <Parameter Name="in" Type="CustomersLoyaltyService.Customer"/>
                <Parameter Name="SideEffectsQualifier" Type="Edm.String"/>
                <ReturnType Type="CustomersLoyaltyService.Customer"/>
            </Action>
            <Action Name="draftPrepare" IsBound="true" EntitySetPath="in">
                <Parameter Name="in" Type="CustomersLoyaltyService.Purchase"/>
                <Parameter Name="SideEffectsQualifier" Type="Edm.String"/>
                <ReturnType Type="CustomersLoyaltyService.Purchase"/>
            </Action>
            <Action Name="draftActivate" IsBound="true" EntitySetPath="in">
                <Parameter Name="in" Type="CustomersLoyaltyService.Customer"/>
                <ReturnType Type="CustomersLoyaltyService.Customer"/>
            </Action>
            <Action Name="draftActivate" IsBound="true" EntitySetPath="in">
                <Parameter Name="in" Type="CustomersLoyaltyService.Purchase"/>
                <ReturnType Type="CustomersLoyaltyService.Purchase"/>
            </Action>
            <Action Name="draftEdit" IsBound="true" EntitySetPath="in">
                <Parameter Name="in" Type="CustomersLoyaltyService.Customer"/>
                <Parameter Name="PreserveChanges" Type="Edm.Boolean"/>
                <ReturnType Type="CustomersLoyaltyService.Customer"/>
            </Action>
            <Action Name="draftEdit" IsBound="true" EntitySetPath="in">
                <Parameter Name="in" Type="CustomersLoyaltyService.Purchase"/>
                <Parameter Name="PreserveChanges" Type="Edm.Boolean"/>
                <ReturnType Type="CustomersLoyaltyService.Purchase"/>
            </Action>
            <Annotations Target="CustomersLoyaltyService.EntityContainer/Customer">
                <Annotation Term="Common.DraftRoot">
                    <Record Type="Common.DraftRootType">
                        <PropertyValue Property="ActivationAction" String="CustomersLoyaltyService.draftActivate"/>
                        <PropertyValue Property="EditAction" String="CustomersLoyaltyService.draftEdit"/>
                        <PropertyValue Property="PreparationAction" String="CustomersLoyaltyService.draftPrepare"/>
                    </Record>
                </Annotation>
            </Annotations>
            <Annotations Target="CustomersLoyaltyService.Customer/IsActiveEntity">
                <Annotation Term="UI.Hidden" Bool="true"/>
            </Annotations>
            <Annotations Target="CustomersLoyaltyService.Customer/HasActiveEntity">
                <Annotation Term="UI.Hidden" Bool="true"/>
            </Annotations>
            <Annotations Target="CustomersLoyaltyService.Customer/HasDraftEntity">
                <Annotation Term="UI.Hidden" Bool="true"/>
            </Annotations>
            <Annotations Target="CustomersLoyaltyService.Customer/DraftAdministrativeData">
                <Annotation Term="UI.Hidden" Bool="true"/>
            </Annotations>
            <Annotations Target="CustomersLoyaltyService.EntityContainer/Purchase">
                <Annotation Term="Common.DraftRoot">
                    <Record Type="Common.DraftRootType">
                        <PropertyValue Property="ActivationAction" String="CustomersLoyaltyService.draftActivate"/>
                        <PropertyValue Property="EditAction" String="CustomersLoyaltyService.draftEdit"/>
                        <PropertyValue Property="PreparationAction" String="CustomersLoyaltyService.draftPrepare"/>
                    </Record>
                </Annotation>
            </Annotations>
            <Annotations Target="CustomersLoyaltyService.Purchase/IsActiveEntity">
                <Annotation Term="UI.Hidden" Bool="true"/>
            </Annotations>
            <Annotations Target="CustomersLoyaltyService.Purchase/HasActiveEntity">
                <Annotation Term="UI.Hidden" Bool="true"/>
            </Annotations>
            <Annotations Target="CustomersLoyaltyService.Purchase/HasDraftEntity">
                <Annotation Term="UI.Hidden" Bool="true"/>
            </Annotations>
            <Annotations Target="CustomersLoyaltyService.Purchase/DraftAdministrativeData">
                <Annotation Term="UI.Hidden" Bool="true"/>
            </Annotations>
            <Annotations Target="CustomersLoyaltyService.DraftAdministrativeData">
                <Annotation Term="Common.Label" String="{i18n>Draft_DraftAdministrativeData}"/>
                </Annotations>
                <Annotations Target="CustomersLoyaltyService.DraftAdministrativeData/DraftUUID">
                    <Annotation Term="UI.Hidden" Bool="true"/>
                    <Annotation Term="Common.Label" String="{i18n>Draft_DraftUUID}"/>
                    </Annotations>
                    <Annotations Target="CustomersLoyaltyService.DraftAdministrativeData/CreationDateTime">
                        <Annotation Term="Common.Label" String="{i18n>Draft_CreationDateTime}"/>
                        </Annotations>
                        <Annotations Target="CustomersLoyaltyService.DraftAdministrativeData/CreatedByUser">
                            <Annotation Term="Common.Label" String="{i18n>Draft_CreatedByUser}"/>
                            </Annotations>
                            <Annotations Target="CustomersLoyaltyService.DraftAdministrativeData/DraftIsCreatedByMe">
                                <Annotation Term="UI.Hidden" Bool="true"/>
                                <Annotation Term="Common.Label" String="{i18n>Draft_DraftIsCreatedByMe}"/>
                                </Annotations>
                                <Annotations Target="CustomersLoyaltyService.DraftAdministrativeData/LastChangeDateTime">
                                    <Annotation Term="Common.Label" String="{i18n>Draft_LastChangeDateTime}"/>
                                    </Annotations>
                                    <Annotations Target="CustomersLoyaltyService.DraftAdministrativeData/LastChangedByUser">
                                        <Annotation Term="Common.Label" String="{i18n>Draft_LastChangedByUser}"/>
                                        </Annotations>
                                        <Annotations Target="CustomersLoyaltyService.DraftAdministrativeData/InProcessByUser">
                                            <Annotation Term="Common.Label" String="{i18n>Draft_InProcessByUser}"/>
                                            </Annotations>
                                            <Annotations Target="CustomersLoyaltyService.DraftAdministrativeData/DraftIsProcessedByMe">
                                                <Annotation Term="UI.Hidden" Bool="true"/>
                                                <Annotation Term="Common.Label" String="{i18n>Draft_DraftIsProcessedByMe}"/>
                                                </Annotations>
                                            </Schema>
                                        </edmx:DataServices>
                                    </edmx:Edmx>